{"epoch": 14, "n_params": 57823240, "n_flops": 95588608, "train_acc": 90.08600038711548, "train_loss": 0.295449467703402, "val_acc": 76.37999906387329, "val_loss": 0.8010744681566954, "_timestamp": 1712778175.6003275, "_runtime": 574.8179924488068, "_step": 14, "_wandb": {"runtime": 580}}