{"epoch": 14, "n_params": 57823240, "n_flops": 95588608, "train_acc": 75.872, "train_loss": 0.6867423428344727, "val_acc": 71.87, "val_loss": 0.8194802019119263, "_timestamp": 1712731976.956638, "_runtime": 546.1084070205688, "_step": 14, "_wandb": {"runtime": 551}}