{"epoch": 14, "n_params": 57823240, "n_flops": 95588608, "train_acc": 79.7660000024414, "train_loss": 0.5839719025802612, "val_acc": 73.45999991455078, "val_loss": 0.7733088447570801, "_timestamp": 1712777510.1039882, "_runtime": 589.9032232761383, "_step": 14, "_wandb": {"runtime": 596}}