{"epoch": 14, "n_params": 57823240, "n_flops": 95588608, "train_acc": 59.292, "train_loss": 1.144799580116272, "val_acc": 59.9, "val_loss": 1.1234023677825928, "_timestamp": 1712774531.54028, "_runtime": 566.7555119991302, "_step": 14, "_wandb": {"runtime": 572}}