{"epoch": 14, "n_params": 57823240, "n_flops": 95588608, "train_acc": 90.738, "train_loss": 0.2773909389877319, "val_acc": 77.31, "val_loss": 0.7845940254688263, "_timestamp": 1712776701.5075324, "_runtime": 570.2362973690033, "_step": 14, "_wandb": {"runtime": 575}}